{
    "train_acc": 0.56016,
    "val_acc": 0.5139,
    "n_layers": 3,
    "n_epochs": 45,
    "learning rate": 0.05,
    "random_state": 12,
    "val_accs": [
        0.4495,
        0.4738,
        0.4831,
        0.4929,
        0.4972,
        0.5,
        0.5021,
        0.503,
        0.5077,
        0.5073,
        0.5093,
        0.508,
        0.5079,
        0.5095,
        0.5079,
        0.5109,
        0.5116,
        0.5119,
        0.5125,
        0.5109,
        0.5104,
        0.5087,
        0.5089,
        0.5106,
        0.5097,
        0.5091,
        0.5117,
        0.5109,
        0.512,
        0.5124,
        0.5113,
        0.5115,
        0.5125,
        0.5114,
        0.5107,
        0.511,
        0.5122,
        0.5128,
        0.5124,
        0.5117,
        0.512,
        0.5111,
        0.5114,
        0.5134,
        0.5139,
        0.5127,
        0.5138,
        0.5125,
        0.513,
        0.5107
    ],
    "train_accs": [
        0.44071999999999995,
        0.4981400000000001,
        0.51448,
        0.5243,
        0.52968,
        0.53514,
        0.53982,
        0.5419,
        0.5452199999999999,
        0.54716,
        0.54872,
        0.5494600000000001,
        0.5501400000000001,
        0.55158,
        0.5524,
        0.5532,
        0.5538,
        0.55464,
        0.55618,
        0.5558200000000001,
        0.557,
        0.55786,
        0.55852,
        0.55802,
        0.5574999999999999,
        0.5583400000000001,
        0.5586599999999999,
        0.55962,
        0.56,
        0.5601799999999999,
        0.55998,
        0.5602599999999999,
        0.56042,
        0.5599999999999999,
        0.5610799999999999,
        0.56016,
        0.561,
        0.5604199999999999,
        0.5605,
        0.5612,
        0.5597399999999999,
        0.5611400000000001,
        0.5599999999999999,
        0.56012,
        0.56016,
        0.56134,
        0.5614399999999999,
        0.56154,
        0.56154,
        0.5612800000000001
    ],
    "layer_0": {
        "n_units": 128,
        "activation_func": "relu",
        "initialization_func": "xavier",
        "n_weight_matrices": 1,
        "bias": false,
        "regularization_rate": 0.001
    },
    "layer_1": {
        "n_units": 64,
        "activation_func": "relu",
        "initialization_func": "xavier",
        "n_weight_matrices": 1,
        "bias": true,
        "regularization_rate": 0.001
    },
    "layer_2": {
        "n_units": 10,
        "activation_func": "relu",
        "initialization_func": "xavier",
        "n_weight_matrices": 1,
        "bias": true,
        "regularization_rate": 0.001
    }
}