{
    "train_acc": 0.50344,
    "val_acc": 0.4794,
    "n_layers": 3,
    "n_epochs": 48,
    "learning rate": 0.05,
    "random_state": 12,
    "val_accs": [
        0.4058,
        0.4357,
        0.4508,
        0.4572,
        0.4628,
        0.4656,
        0.4671,
        0.4663,
        0.466,
        0.4632,
        0.4611,
        0.4623,
        0.4665,
        0.4682,
        0.4697,
        0.4664,
        0.4694,
        0.4677,
        0.4671,
        0.4734,
        0.4727,
        0.4694,
        0.4687,
        0.469,
        0.4692,
        0.4695,
        0.4738,
        0.467,
        0.4757,
        0.4715,
        0.4745,
        0.4723,
        0.4748,
        0.4752,
        0.4746,
        0.4761,
        0.4767,
        0.4766,
        0.4755,
        0.4722,
        0.4717,
        0.4753,
        0.4764,
        0.4736,
        0.4792,
        0.4779,
        0.4741,
        0.4794,
        0.477,
        0.4779
    ],
    "train_accs": [
        0.37904,
        0.4396000000000001,
        0.45861999999999997,
        0.47151999999999994,
        0.47866,
        0.48217999999999994,
        0.48550000000000004,
        0.48682,
        0.48756000000000005,
        0.4857,
        0.48735999999999996,
        0.48782,
        0.48772000000000004,
        0.4888,
        0.48915999999999993,
        0.48704000000000003,
        0.4894,
        0.48862000000000005,
        0.48948,
        0.4914199999999999,
        0.49192,
        0.49210000000000004,
        0.49293999999999993,
        0.49261999999999995,
        0.49365999999999993,
        0.4955,
        0.49605999999999995,
        0.49532,
        0.49851999999999996,
        0.4984,
        0.49756,
        0.49876000000000004,
        0.49761999999999995,
        0.49817999999999996,
        0.49938000000000005,
        0.49962,
        0.49964000000000003,
        0.50112,
        0.5021799999999998,
        0.50214,
        0.50182,
        0.502,
        0.50266,
        0.50304,
        0.5041399999999999,
        0.5035000000000001,
        0.50374,
        0.50344,
        0.5037,
        0.5043
    ],
    "layer_0": {
        "n_units": 32,
        "activation_func": "relu",
        "initialization_func": "xavier",
        "n_weight_matrices": 4,
        "bias": false,
        "regularization_rate": 0.001
    },
    "layer_1": {
        "n_units": 64,
        "activation_func": "relu",
        "initialization_func": "xavier",
        "n_weight_matrices": 1,
        "bias": true,
        "regularization_rate": 0.001
    },
    "layer_2": {
        "n_units": 10,
        "activation_func": "relu",
        "initialization_func": "xavier",
        "n_weight_matrices": 1,
        "bias": true,
        "regularization_rate": 0.001
    }
}