{
    "train_acc": 0.6541,
    "val_acc": 0.4994,
    "n_layers": 3,
    "n_epochs": 7,
    "learning rate": 0.05,
    "random_state": 12,
    "val_accs": [
        0.4477,
        0.4752,
        0.483,
        0.4934,
        0.4959,
        0.4978,
        0.4994,
        0.4979,
        0.4989,
        0.4994,
        0.498,
        0.4936,
        0.4948,
        0.4946,
        0.4915,
        0.4958,
        0.4924,
        0.4918,
        0.488,
        0.4845,
        0.4861,
        0.4817,
        0.4801,
        0.4797,
        0.48,
        0.4807,
        0.4812,
        0.481,
        0.4758,
        0.4796,
        0.4751,
        0.4719,
        0.4721,
        0.471,
        0.4692,
        0.4745,
        0.4677,
        0.4762,
        0.4693,
        0.4693,
        0.4727,
        0.4713,
        0.468,
        0.4763,
        0.4713,
        0.4625,
        0.4617,
        0.4646,
        0.4616,
        0.4701
    ],
    "train_accs": [
        0.4647,
        0.53888,
        0.5726199999999999,
        0.60092,
        0.62048,
        0.6375,
        0.6541,
        0.66754,
        0.68074,
        0.6885800000000001,
        0.69956,
        0.70882,
        0.71944,
        0.72624,
        0.73486,
        0.74114,
        0.7491199999999999,
        0.7552399999999999,
        0.75826,
        0.76008,
        0.7674000000000001,
        0.7680199999999999,
        0.7724,
        0.7786799999999999,
        0.7795,
        0.77896,
        0.78738,
        0.79196,
        0.79192,
        0.7922199999999999,
        0.7977000000000001,
        0.79694,
        0.8019999999999999,
        0.80834,
        0.8055399999999999,
        0.8122,
        0.8125199999999999,
        0.8126,
        0.8227800000000001,
        0.81526,
        0.82118,
        0.8255000000000001,
        0.8285,
        0.8315000000000001,
        0.8312200000000001,
        0.83284,
        0.8380600000000001,
        0.8413599999999999,
        0.84148,
        0.8442999999999999
    ],
    "layer_0": {
        "n_units": 128,
        "activation_func": "relu",
        "initialization_func": "xavier",
        "n_weight_matrices": 1,
        "bias": true,
        "regularization_rate": 0.0
    },
    "layer_1": {
        "n_units": 128,
        "activation_func": "relu",
        "initialization_func": "xavier",
        "n_weight_matrices": 1,
        "bias": true,
        "regularization_rate": 0.0
    },
    "layer_2": {
        "n_units": 10,
        "activation_func": "relu",
        "initialization_func": "xavier",
        "n_weight_matrices": 1,
        "bias": true,
        "regularization_rate": 0.0
    }
}