{
    "train_acc": 0.49676,
    "val_acc": 0.4787,
    "n_layers": 3,
    "n_epochs": 33,
    "learning rate": 0.05,
    "random_state": 12,
    "val_accs": [
        0.3502,
        0.365,
        0.4016,
        0.4133,
        0.4357,
        0.4309,
        0.4364,
        0.4351,
        0.453,
        0.4465,
        0.4539,
        0.4608,
        0.4554,
        0.457,
        0.4583,
        0.4614,
        0.4647,
        0.4665,
        0.4642,
        0.4693,
        0.4712,
        0.4723,
        0.4704,
        0.4749,
        0.4758,
        0.4751,
        0.4765,
        0.4737,
        0.4744,
        0.4754,
        0.4783,
        0.4781,
        0.4787,
        0.4779,
        0.4779,
        0.4784,
        0.4765,
        0.4772,
        0.4763,
        0.4752,
        0.4755,
        0.4728,
        0.474,
        0.4736,
        0.4738,
        0.4747,
        0.478,
        0.4763,
        0.4776,
        0.4776
    ],
    "train_accs": [
        0.33952,
        0.38058,
        0.41791999999999996,
        0.429,
        0.45308000000000004,
        0.46196000000000004,
        0.46509999999999996,
        0.46837999999999996,
        0.4745799999999999,
        0.4744,
        0.4764399999999999,
        0.47984,
        0.47934,
        0.48072,
        0.48086,
        0.48362,
        0.48586,
        0.48554,
        0.48724,
        0.48819999999999997,
        0.48995999999999995,
        0.4915,
        0.49063999999999997,
        0.493,
        0.49393999999999993,
        0.49361999999999995,
        0.495,
        0.49392,
        0.49590000000000006,
        0.49456,
        0.49456000000000006,
        0.49521999999999994,
        0.49676,
        0.49474,
        0.49576000000000003,
        0.49338,
        0.49576000000000003,
        0.49578000000000005,
        0.49508,
        0.49551999999999996,
        0.49504000000000004,
        0.49622,
        0.49593999999999994,
        0.49601999999999996,
        0.49684,
        0.49606000000000006,
        0.4971,
        0.49695999999999996,
        0.49731999999999993,
        0.49856
    ],
    "layer_0": {
        "n_units": 32,
        "activation_func": "relu",
        "initialization_func": "xavier",
        "n_weight_matrices": 4,
        "bias": false,
        "regularization_rate": 0.001
    },
    "layer_1": {
        "n_units": 128,
        "activation_func": "relu",
        "initialization_func": "xavier",
        "n_weight_matrices": 1,
        "bias": true,
        "regularization_rate": 0.001
    },
    "layer_2": {
        "n_units": 10,
        "activation_func": "relu",
        "initialization_func": "xavier",
        "n_weight_matrices": 1,
        "bias": true,
        "regularization_rate": 0.001
    }
}