{
    "train_acc": 0.5506,
    "val_acc": 0.4932,
    "n_layers": 3,
    "n_epochs": 33,
    "learning rate": 0.05,
    "random_state": 12,
    "val_accs": [
        0.4246,
        0.4489,
        0.4611,
        0.4673,
        0.4722,
        0.4745,
        0.4747,
        0.4804,
        0.4793,
        0.4809,
        0.4839,
        0.484,
        0.485,
        0.4867,
        0.4895,
        0.4883,
        0.4903,
        0.4904,
        0.4901,
        0.4906,
        0.4887,
        0.4884,
        0.4895,
        0.4892,
        0.4918,
        0.4907,
        0.4892,
        0.4905,
        0.4916,
        0.4893,
        0.4883,
        0.4906,
        0.4932,
        0.489,
        0.4895,
        0.492,
        0.4898,
        0.4914,
        0.4905,
        0.4892,
        0.4901,
        0.4914,
        0.492,
        0.4924,
        0.4913,
        0.4887,
        0.4895,
        0.4912,
        0.4917,
        0.4925
    ],
    "train_accs": [
        0.4360799999999999,
        0.47732,
        0.49246,
        0.5022399999999999,
        0.51138,
        0.51714,
        0.5222,
        0.52742,
        0.52964,
        0.53178,
        0.53542,
        0.53682,
        0.5388,
        0.54014,
        0.5411,
        0.5433,
        0.54298,
        0.5443399999999999,
        0.544,
        0.5464600000000001,
        0.5465,
        0.5482600000000001,
        0.5488000000000002,
        0.54796,
        0.5492000000000001,
        0.5501799999999999,
        0.5474,
        0.54708,
        0.54816,
        0.5491399999999999,
        0.54958,
        0.54966,
        0.5506,
        0.54974,
        0.5509999999999999,
        0.5520400000000001,
        0.5523199999999999,
        0.55094,
        0.5524799999999999,
        0.55296,
        0.5527200000000001,
        0.55432,
        0.5536800000000001,
        0.55366,
        0.5538200000000001,
        0.5531200000000001,
        0.5534000000000001,
        0.5531200000000001,
        0.55264,
        0.55266
    ],
    "layer_0": [
        {
            "n_units": 64,
            "activation_func": "relu",
            "initialization_func": "xavier",
            "n_weight_matrices": 1,
            "bias": true,
            "regularization_rate": 0.001
        },
        {
            "n_units": 64,
            "activation_func": "relu",
            "initialization_func": "xavier",
            "n_weight_matrices": 1,
            "bias": true,
            "regularization_rate": 0.001
        }
    ],
    "layer_1": {
        "n_units": 64,
        "activation_func": "relu",
        "initialization_func": "xavier",
        "n_weight_matrices": 1,
        "bias": true,
        "regularization_rate": 0.001
    },
    "layer_2": {
        "n_units": 10,
        "activation_func": "relu",
        "initialization_func": "xavier",
        "n_weight_matrices": 1,
        "bias": true,
        "regularization_rate": 0.001
    }
}