{
    "train_acc": 0.52712,
    "val_acc": 0.5007,
    "n_layers": 3,
    "n_epochs": 28,
    "learning rate": 0.05,
    "random_state": 12,
    "val_accs": [
        0.419,
        0.44,
        0.4482,
        0.4597,
        0.4609,
        0.4709,
        0.4778,
        0.4833,
        0.4825,
        0.4756,
        0.4845,
        0.4867,
        0.4887,
        0.4917,
        0.4859,
        0.4888,
        0.4902,
        0.4929,
        0.4923,
        0.4895,
        0.4935,
        0.4953,
        0.4951,
        0.4927,
        0.497,
        0.5,
        0.4951,
        0.5007,
        0.4992,
        0.4974,
        0.4906,
        0.4917,
        0.4944,
        0.4932,
        0.4901,
        0.4951,
        0.4945,
        0.4954,
        0.4915,
        0.4936,
        0.4954,
        0.4954,
        0.4986,
        0.4921,
        0.4903,
        0.4924,
        0.4925,
        0.4936,
        0.4945,
        0.4932
    ],
    "train_accs": [
        0.40498,
        0.45294,
        0.46792,
        0.4762799999999999,
        0.48192,
        0.4901,
        0.4942399999999999,
        0.49856,
        0.50064,
        0.5023,
        0.5061,
        0.50724,
        0.51002,
        0.51228,
        0.51342,
        0.5149199999999999,
        0.51478,
        0.5179199999999999,
        0.51982,
        0.51844,
        0.5218999999999999,
        0.5238799999999999,
        0.5258800000000001,
        0.52408,
        0.5254000000000001,
        0.52532,
        0.5263,
        0.5271199999999999,
        0.5252800000000001,
        0.5257799999999999,
        0.5254,
        0.5248799999999999,
        0.5263,
        0.5264599999999999,
        0.5271000000000001,
        0.52864,
        0.5278,
        0.5291,
        0.52826,
        0.52832,
        0.5288799999999999,
        0.52828,
        0.5302199999999999,
        0.52884,
        0.52798,
        0.5276400000000001,
        0.526,
        0.5275000000000001,
        0.52864,
        0.52708
    ],
    "layer_0": {
        "n_units": 64,
        "activation_func": "relu",
        "initialization_func": "xavier",
        "n_weight_matrices": 2,
        "bias": false,
        "regularization_rate": 0.001
    },
    "layer_1": {
        "n_units": 64,
        "activation_func": "relu",
        "initialization_func": "xavier",
        "n_weight_matrices": 1,
        "bias": true,
        "regularization_rate": 0.001
    },
    "layer_2": {
        "n_units": 10,
        "activation_func": "relu",
        "initialization_func": "xavier",
        "n_weight_matrices": 1,
        "bias": true,
        "regularization_rate": 0.001
    }
}