{
    "train_acc": 0.55896,
    "val_acc": 0.5128,
    "n_layers": 3,
    "n_epochs": 25,
    "learning rate": 0.05,
    "random_state": 12,
    "val_accs": [
        0.4624,
        0.4824,
        0.4868,
        0.4901,
        0.4917,
        0.4931,
        0.4956,
        0.4977,
        0.4993,
        0.4993,
        0.5008,
        0.5014,
        0.501,
        0.5034,
        0.5039,
        0.5039,
        0.5031,
        0.506,
        0.5056,
        0.5054,
        0.5086,
        0.5091,
        0.5089,
        0.5102,
        0.5128,
        0.5123,
        0.5111,
        0.5107,
        0.5107,
        0.512,
        0.5114,
        0.5122,
        0.5107,
        0.5121,
        0.5087,
        0.509,
        0.5089,
        0.5082,
        0.5108,
        0.5087,
        0.5085,
        0.5091,
        0.5068,
        0.5079,
        0.5097,
        0.5106,
        0.5098,
        0.5098,
        0.5092,
        0.5107
    ],
    "train_accs": [
        0.4601,
        0.5031800000000001,
        0.5155799999999999,
        0.5254399999999999,
        0.5305,
        0.5333600000000001,
        0.53684,
        0.5411400000000001,
        0.54392,
        0.5463199999999999,
        0.5481199999999999,
        0.55054,
        0.55164,
        0.5539,
        0.5542,
        0.55486,
        0.55486,
        0.55556,
        0.55524,
        0.55724,
        0.55772,
        0.5576000000000001,
        0.55708,
        0.5587799999999999,
        0.55896,
        0.5589999999999999,
        0.5591,
        0.56024,
        0.5596,
        0.56088,
        0.5607599999999999,
        0.56146,
        0.56148,
        0.56128,
        0.56026,
        0.5597,
        0.55984,
        0.55996,
        0.5616399999999999,
        0.5619,
        0.5620999999999999,
        0.56214,
        0.56116,
        0.56254,
        0.5621400000000001,
        0.56192,
        0.5629000000000001,
        0.56294,
        0.562,
        0.5634
    ],
    "layer_0": {
        "n_units": 128,
        "activation_func": "relu",
        "initialization_func": "xavier",
        "n_weight_matrices": 1,
        "bias": false,
        "regularization_rate": 0.001
    },
    "layer_1": {
        "n_units": 128,
        "activation_func": "relu",
        "initialization_func": "xavier",
        "n_weight_matrices": 1,
        "bias": true,
        "regularization_rate": 0.001
    },
    "layer_2": {
        "n_units": 10,
        "activation_func": "relu",
        "initialization_func": "xavier",
        "n_weight_matrices": 1,
        "bias": true,
        "regularization_rate": 0.001
    }
}