{
    "train_acc": 0.557,
    "val_acc": 0.4877,
    "n_layers": 3,
    "n_epochs": 43,
    "learning rate": 0.05,
    "random_state": 12,
    "val_accs": [
        0.419,
        0.4463,
        0.459,
        0.4692,
        0.4727,
        0.4782,
        0.4803,
        0.4817,
        0.4828,
        0.486,
        0.4835,
        0.4861,
        0.4863,
        0.4839,
        0.4834,
        0.4803,
        0.4808,
        0.4848,
        0.4839,
        0.484,
        0.4869,
        0.4845,
        0.4832,
        0.4847,
        0.4838,
        0.4851,
        0.4841,
        0.4836,
        0.4856,
        0.4864,
        0.486,
        0.4861,
        0.4852,
        0.4861,
        0.4863,
        0.4849,
        0.4834,
        0.4855,
        0.4843,
        0.4866,
        0.4854,
        0.4857,
        0.4877,
        0.4865,
        0.4853,
        0.485,
        0.4849,
        0.4855,
        0.4833,
        0.485
    ],
    "train_accs": [
        0.42658000000000007,
        0.4789800000000001,
        0.49462,
        0.5045,
        0.51566,
        0.52284,
        0.5276,
        0.53062,
        0.5337000000000001,
        0.5380199999999999,
        0.5391,
        0.54014,
        0.54202,
        0.5430200000000001,
        0.54418,
        0.5444199999999999,
        0.54674,
        0.5463199999999999,
        0.54686,
        0.54794,
        0.54846,
        0.54826,
        0.5501400000000001,
        0.5499599999999999,
        0.54992,
        0.55006,
        0.55118,
        0.5506599999999999,
        0.5524,
        0.5521800000000001,
        0.5527,
        0.55348,
        0.5543600000000001,
        0.55432,
        0.5548,
        0.5553,
        0.5555199999999999,
        0.5554,
        0.5566800000000001,
        0.5569599999999999,
        0.55582,
        0.55648,
        0.557,
        0.5567599999999999,
        0.55688,
        0.5583400000000001,
        0.5562199999999999,
        0.55692,
        0.5564,
        0.55666
    ],
    "layer_0": [
        {
            "n_units": 64,
            "activation_func": "relu",
            "initialization_func": "xavier",
            "n_weight_matrices": 1,
            "bias": true,
            "regularization_rate": 0.001
        },
        {
            "n_units": 64,
            "activation_func": "relu",
            "initialization_func": "xavier",
            "n_weight_matrices": 1,
            "bias": true,
            "regularization_rate": 0.001
        }
    ],
    "layer_1": {
        "n_units": 128,
        "activation_func": "relu",
        "initialization_func": "xavier",
        "n_weight_matrices": 1,
        "bias": true,
        "regularization_rate": 0.001
    },
    "layer_2": {
        "n_units": 10,
        "activation_func": "relu",
        "initialization_func": "xavier",
        "n_weight_matrices": 1,
        "bias": true,
        "regularization_rate": 0.001
    }
}