{
    "train_acc": 0.5559,
    "val_acc": 0.5144,
    "n_layers": 3,
    "n_epochs": 30,
    "learning rate": 0.05,
    "random_state": 12,
    "val_accs": [
        0.4488,
        0.472,
        0.4871,
        0.4949,
        0.499,
        0.5039,
        0.5054,
        0.5072,
        0.5105,
        0.5092,
        0.5076,
        0.5108,
        0.5112,
        0.5115,
        0.51,
        0.5103,
        0.5121,
        0.5132,
        0.5114,
        0.5125,
        0.5116,
        0.5113,
        0.5113,
        0.513,
        0.514,
        0.5118,
        0.512,
        0.5133,
        0.5137,
        0.5144,
        0.5132,
        0.5119,
        0.5144,
        0.5135,
        0.5132,
        0.5137,
        0.5132,
        0.5137,
        0.5133,
        0.5131,
        0.5116,
        0.5137,
        0.5095,
        0.5108,
        0.5096,
        0.5097,
        0.5112,
        0.5131,
        0.5118,
        0.5111
    ],
    "train_accs": [
        0.44458000000000003,
        0.49188,
        0.5089400000000001,
        0.5213599999999999,
        0.52716,
        0.5314399999999999,
        0.53508,
        0.5393,
        0.54062,
        0.54186,
        0.54396,
        0.5440400000000001,
        0.5456000000000001,
        0.54578,
        0.5468000000000001,
        0.54796,
        0.54876,
        0.5498000000000001,
        0.54982,
        0.5504,
        0.55122,
        0.55098,
        0.55244,
        0.5529599999999999,
        0.5528,
        0.55334,
        0.55352,
        0.5539400000000001,
        0.55518,
        0.5559,
        0.55562,
        0.5562199999999999,
        0.55684,
        0.5561200000000001,
        0.5559,
        0.55666,
        0.55628,
        0.55714,
        0.5574600000000001,
        0.5568799999999999,
        0.55752,
        0.5572799999999999,
        0.5566199999999999,
        0.5570600000000001,
        0.55718,
        0.5576800000000001,
        0.55794,
        0.55854,
        0.55812,
        0.55916
    ],
    "layer_0": {
        "n_units": 64,
        "activation_func": "relu",
        "initialization_func": "xavier",
        "n_weight_matrices": 2,
        "bias": false,
        "regularization_rate": 0.001
    },
    "layer_1": {
        "n_units": 64,
        "activation_func": "relu",
        "initialization_func": "xavier",
        "n_weight_matrices": 2,
        "bias": true,
        "regularization_rate": 0.001
    },
    "layer_2": {
        "n_units": 10,
        "activation_func": "relu",
        "initialization_func": "xavier",
        "n_weight_matrices": 2,
        "bias": true,
        "regularization_rate": 0.001
    }
}