{
    "train_acc": 0.5542,
    "val_acc": 0.5165,
    "n_layers": 3,
    "n_epochs": 28,
    "learning rate": 0.05,
    "random_state": 12,
    "val_accs": [
        0.4508,
        0.4782,
        0.4852,
        0.4924,
        0.4967,
        0.4972,
        0.5001,
        0.5027,
        0.5023,
        0.5028,
        0.5046,
        0.5046,
        0.5051,
        0.5053,
        0.5096,
        0.5106,
        0.5088,
        0.5078,
        0.511,
        0.5102,
        0.5101,
        0.5104,
        0.5123,
        0.5133,
        0.5133,
        0.5138,
        0.5138,
        0.5165,
        0.5152,
        0.5162,
        0.5147,
        0.5161,
        0.5143,
        0.5121,
        0.5121,
        0.5122,
        0.5126,
        0.5139,
        0.5136,
        0.5133,
        0.5142,
        0.515,
        0.5129,
        0.5146,
        0.5128,
        0.5145,
        0.5125,
        0.5121,
        0.5149,
        0.5136
    ],
    "train_accs": [
        0.4425199999999999,
        0.49228000000000005,
        0.50922,
        0.51834,
        0.5263,
        0.5312,
        0.53494,
        0.53856,
        0.53932,
        0.54118,
        0.54232,
        0.54466,
        0.54678,
        0.5489400000000001,
        0.54872,
        0.5503399999999999,
        0.55168,
        0.5517599999999999,
        0.5524,
        0.5515000000000001,
        0.55296,
        0.55266,
        0.55338,
        0.5537000000000001,
        0.55432,
        0.55414,
        0.5539000000000001,
        0.5542,
        0.5546599999999999,
        0.5557,
        0.55632,
        0.5562199999999999,
        0.55648,
        0.5558400000000001,
        0.5568,
        0.5576599999999999,
        0.5577799999999999,
        0.5576599999999999,
        0.55828,
        0.5577400000000001,
        0.5588,
        0.5588200000000001,
        0.55854,
        0.55844,
        0.5597199999999999,
        0.5588200000000001,
        0.5585,
        0.55908,
        0.5597799999999999,
        0.5603199999999999
    ],
    "layer_0": {
        "n_units": 64,
        "activation_func": "relu",
        "initialization_func": "xavier",
        "n_weight_matrices": 2,
        "bias": false,
        "regularization_rate": 0.001
    },
    "layer_1": {
        "n_units": 32,
        "activation_func": "relu",
        "initialization_func": "xavier",
        "n_weight_matrices": 2,
        "bias": true,
        "regularization_rate": 0.001
    },
    "layer_2": {
        "n_units": 10,
        "activation_func": "relu",
        "initialization_func": "xavier",
        "n_weight_matrices": 2,
        "bias": true,
        "regularization_rate": 0.001
    }
}