{
    "train_acc": 0.53034,
    "val_acc": 0.5036,
    "n_layers": 3,
    "n_epochs": 48,
    "learning rate": 0.05,
    "random_state": 12,
    "val_accs": [
        0.3521,
        0.4243,
        0.4507,
        0.4597,
        0.4642,
        0.4678,
        0.4743,
        0.4795,
        0.4789,
        0.4814,
        0.48,
        0.4816,
        0.4838,
        0.4844,
        0.4883,
        0.4857,
        0.4884,
        0.49,
        0.4892,
        0.4895,
        0.4905,
        0.4917,
        0.4912,
        0.4882,
        0.4917,
        0.4955,
        0.4922,
        0.4974,
        0.4934,
        0.4972,
        0.4935,
        0.4941,
        0.4953,
        0.4949,
        0.4967,
        0.4964,
        0.4982,
        0.4972,
        0.4974,
        0.4986,
        0.4958,
        0.496,
        0.4978,
        0.4988,
        0.503,
        0.4984,
        0.4979,
        0.5036,
        0.4984,
        0.4998
    ],
    "train_accs": [
        0.29714,
        0.4131,
        0.46002,
        0.47202,
        0.47842,
        0.48500000000000004,
        0.49002,
        0.49413999999999997,
        0.49783999999999995,
        0.50248,
        0.50362,
        0.50634,
        0.50774,
        0.5097799999999999,
        0.51168,
        0.51168,
        0.5129999999999999,
        0.51576,
        0.5149,
        0.51686,
        0.51834,
        0.51902,
        0.51824,
        0.51774,
        0.5204799999999999,
        0.52164,
        0.52206,
        0.52422,
        0.5230400000000001,
        0.52536,
        0.5229,
        0.52418,
        0.5237199999999999,
        0.5254,
        0.52476,
        0.52654,
        0.52614,
        0.52708,
        0.5269600000000001,
        0.52878,
        0.5282,
        0.52912,
        0.5295799999999999,
        0.5303599999999999,
        0.53006,
        0.53036,
        0.52978,
        0.53034,
        0.5287400000000001,
        0.52904
    ],
    "layer_0": {
        "n_units": 64,
        "activation_func": "relu",
        "initialization_func": "xavier",
        "n_weight_matrices": 2,
        "bias": false,
        "regularization_rate": 0.001
    },
    "layer_1": {
        "n_units": 128,
        "activation_func": "relu",
        "initialization_func": "xavier",
        "n_weight_matrices": 1,
        "bias": true,
        "regularization_rate": 0.001
    },
    "layer_2": {
        "n_units": 10,
        "activation_func": "relu",
        "initialization_func": "xavier",
        "n_weight_matrices": 1,
        "bias": true,
        "regularization_rate": 0.001
    }
}